1/cm,Voltage
0.0064575646,0.463190184
0.0076383764,0.5245398773
0.0082287823,0.5613496933
0.0091143911,0.6104294479
0.01,0.6595092025
0.0111808118,0.7331288344
0.0126568266,0.8312883436
0.0144280443,0.9171779141
0.0164944649,1.0521472393
0.0200369004,1.2484662577
0.0247601476,1.5306748466
0.0333210332,1.9969325153
0.0501476015,2.536809816
0.0666789668,2.7576687117
0.1000369004,2.3036809816
